,,,,,,,,,,,,,,,,,,
,Title:,National Imaging Data Collection - Asset count,,,,,,,,,,,,,,,,
,Summary:,The count of imaging assets,,,,,,,,,,,,,,,,
,Period:,01/04/2023 - 31/03/2024,,,,,,,,,,,,,,,,
,Source:,National Imaging Data Collection,,,,,,,,,,,,,,,,
,Basis:,"England, region and organisation",,,,,,,,,,,,,,,,
,Published:,29th November 2024,,,,,,,,,,,,,,,,
,Status:,Published,,,,,,,,,,,,,,,,
,Contact:,england.imageservices@nhs.net,,,,,,,,,,,,,,,,
,,,,,,,,,,,,,,,,,,
,,,,,,,,,,,,,,,,,,
,"By ICB, Imaging Networks and Trusts",,,,,,,,,,,,,,,,,
,,,,,,,,,,,,,,,,,,
,Region Code,Region,ICB - Integrated Care Board,Imaging Network,Organisation Code,Organisation Name, Total , MRI , CT , Ultrasound* , X-Ray , Mammography* , Interventional Radiology , Fluoroscopy , Nuclear Medicine , DEXA , Dental , Catheter Lab 
,Y56,London,NHS North Central London ICB,North Central London,RP4,Great Ormond Street Hospital for Children NHS Foundation Trust,41 ,5 ,1 ,13 ,6 ,0 ,3 ,7 ,3 ,1 ,2 ,0 
,Y56,London,NHS North Central London ICB,North Central London,RP6,Moorfields Eye Hospital NHS Foundation Trust,26 ,0 ,1 ,22 ,2 ,0 ,0 ,1 ,0 ,0 ,0 ,0 
,Y56,London,NHS North Central London ICB,North Central London,RAP,North Middlesex University Hospital NHS Trust,46 ,1 ,2 ,25 ,10 ,1 ,3 ,3 ,1 ,0 ,0 ,0 
,Y56,London,NHS North Central London ICB,North Central London,RAL,Royal Free London NHS Foundation Trust,155 ,11 ,12 ,52 ,31 ,5 ,8 ,21 ,7 ,2 ,6 ,0 
,Y56,London,NHS North Central London ICB,North Central London,RAN,Royal National Orthopaedic Hospital NHS Trust,33 ,2 ,1 ,4 ,9 ,0 ,0 ,15 ,1 ,1 ,0 ,0 
,Y56,London,NHS North Central London ICB,North Central London,RRV,University College London Hospitals NHS Foundation Trust,116 ,11 ,9 ,28 ,25 ,2 ,5 ,18 ,8 ,1 ,9 ,0 
,Y56,London,NHS North Central London ICB,North Central London,RKE,Whittington Health NHS Trust,55 ,3 ,2 ,29 ,10 ,2 ,0 ,6 ,1 ,1 ,1 ,0 
,Y56,London,NHS North East London ICB,North East London,RF4,"Barking, Havering and Redbridge University Hospitals NHS Trust",87 ,5 ,7 ,28 ,24 ,2 ,2 ,12 ,0 ,1 ,6 ,0 
,Y56,London,NHS North East London ICB,North East London,R1H,Barts Health NHS Trust,235 ,9 ,12 ,88 ,65 ,13 ,6 ,30 ,7 ,1 ,4 ,0 
,Y56,London,NHS North East London ICB,North East London,RQX,Homerton Healthcare NHS Foundation Trust,41 ,2 ,2 ,15 ,11 ,1 ,0 ,6 ,0 ,1 ,3 ,0 
,Y56,London,NHS North West London ICB,North West London,RQM,Chelsea and Westminster Hospital NHS Foundation Trust,110 ,2 ,5 ,61 ,21 ,1 ,1 ,12 ,3 ,1 ,2 ,1 
,Y56,London,NHS North West London ICB,North West London,RYJ,Imperial College Healthcare NHS Trust,135 ,12 ,9 ,44 ,35 ,4 ,6 ,19 ,4 ,1 ,1 ,0 
,Y56,London,NHS North West London ICB,North West London,R1K,London North West University Healthcare NHS Trust,105 ,6 ,7 ,37 ,28 ,4 ,3 ,10 ,3 ,1 ,5 ,1 
,Y56,London,NHS North West London ICB,North West London,RAS,The Hillingdon Hospitals NHS Foundation Trust,57 ,1 ,2 ,28 ,13 ,3 ,1 ,9 ,0 ,0 ,0 ,0 
,Y56,London,NHS South East London ICB,South East London,RJ1,Guy's and St Thomas' NHS Foundation Trust,150 ,15 ,14 ,27 ,44 ,2 ,6 ,24 ,10 ,4 ,0 ,4 
,Y56,London,NHS South East London ICB,South East London,RJZ,King's College Hospital NHS Foundation Trust,177 ,7 ,6 ,30 ,35 ,14 ,6 ,21 ,4 ,2 ,52 ,0 
,Y56,London,NHS South East London ICB,South East London,RJ2,Lewisham and Greenwich NHS Trust,76 ,3 ,3 ,27 ,24 ,2 ,0 ,14 ,1 ,2 ,0 ,0 
,Y56,London,NHS South East London ICB,,RV5,South London and Maudsley NHS Foundation Trust,1 ,1 ,0 ,0 ,0 ,0 ,0 ,0 ,0 ,0 ,0 ,0 
,Y56,London,NHS South West London ICB,South West London,RJ6,Croydon Health Services NHS Trust,46 ,3 ,3 ,16 ,14 ,1 ,1 ,5 ,0 ,1 ,2 ,0 
,Y56,London,NHS South West London ICB,South West London,RVR,Epsom and St Helier University Hospitals NHS Trust,70 ,4 ,5 ,20 ,23 ,0 ,4 ,6 ,1 ,1 ,6 ,0 
,Y56,London,NHS South West London ICB,South West London,RAX,Kingston Hospital NHS Foundation Trust,57 ,3 ,4 ,21 ,12 ,2 ,0 ,4 ,2 ,1 ,7 ,1 
,Y56,London,NHS South West London ICB,South West London,RJ7,St George's University Hospitals NHS Foundation Trust,159 ,5 ,6 ,59 ,30 ,12 ,0 ,33 ,4 ,2 ,8 ,0 
,Y56,London,NHS South West London ICB,South West London,RPY,The Royal Marsden NHS Foundation Trust,53 ,8 ,5 ,11 ,8 ,6 ,1 ,5 ,6 ,1 ,2 ,0 
,Y58,South West,NHS Cornwall and The Isles of Scilly ICB,PenRad,REF,Royal Cornwall Hospitals NHS Trust,94 ,4 ,6 ,19 ,35 ,5 ,2 ,12 ,2 ,2 ,5 ,2 
,Y58,South West,NHS Devon ICB,PenRad,RH8,Royal Devon University Healthcare NHS Foundation Trust,100 ,3 ,6 ,27 ,35 ,1 ,3 ,15 ,2 ,2 ,6 ,0 
,Y58,South West,NHS Devon ICB,PenRad,RA9,Torbay and South Devon NHS Foundation Trust,49 ,2 ,5 ,12 ,15 ,0 ,1 ,8 ,1 ,0 ,3 ,2 
,Y58,South West,NHS Devon ICB,PenRad,RK9,University Hospitals Plymouth NHS Trust,120 ,8 ,10 ,38 ,23 ,5 ,4 ,18 ,5 ,2 ,3 ,4 
,Y58,South West,"NHS Bath and North East Somerset, Swindon and Wiltshire ICB",South-West 2,RN3,Great Western Hospitals NHS Foundation Trust,47 ,3 ,5 ,14 ,12 ,5 ,0 ,6 ,1 ,1 ,0 ,0 
,Y58,South West,"NHS Bath and North East Somerset, Swindon and Wiltshire ICB",South-West 2,RD1,Royal United Hospitals Bath NHS Foundation Trust,60 ,3 ,4 ,18 ,22 ,2 ,1 ,7 ,1 ,0 ,0 ,2 
,Y58,South West,"NHS Bristol, North Somerset and South Gloucestershire ICB",South-West 2,RVJ,North Bristol NHS Trust,73 ,7 ,7 ,13 ,23 ,6 ,4 ,10 ,3 ,0 ,0 ,0 
,Y58,South West,"NHS Bristol, North Somerset and South Gloucestershire ICB",South-West 2,RA7,University Hospitals Bristol and Weston NHS Foundation Trust,128 ,9 ,10 ,37 ,31 ,1 ,2 ,18 ,2 ,2 ,9 ,7 
,Y58,South West,NHS Gloucestershire ICB,South-West 2,RTE,Gloucestershire Hospitals NHS Foundation Trust,105 ,6 ,7 ,36 ,26 ,6 ,4 ,12 ,3 ,3 ,2 ,0 
,Y58,South West,NHS Somerset ICB,South-West 2,RH5,Somerset NHS Foundation Trust,101 ,7 ,9 ,38 ,27 ,4 ,1 ,11 ,1 ,3 ,0 ,0 
,Y58,South West,"NHS Bath and North East Somerset, Swindon and Wiltshire ICB",Wessex,RNZ,Salisbury NHS Foundation Trust,54 ,2 ,2 ,16 ,14 ,2 ,0 ,10 ,1 ,1 ,4 ,2 
,Y58,South West,NHS Dorset ICB,Wessex,RBD,Dorset County Hospital NHS Foundation Trust,30 ,2 ,2 ,8 ,7 ,1 ,1 ,6 ,0 ,1 ,2 ,0 
,Y58,South West,NHS Dorset ICB,Wessex,R0D,University Hospitals Dorset NHS Foundation Trust,103 ,7 ,6 ,30 ,26 ,9 ,2 ,14 ,2 ,2 ,5 ,0 
,Y59,South East,NHS Frimley ICB,"Frimley, Surrey & Sussex",RDU,Frimley Health NHS Foundation Trust,180 ,3 ,7 ,53 ,60 ,8 ,3 ,28 ,3 ,2 ,9 ,4 
,Y59,South East,NHS Surrey Heartlands ICB,"Frimley, Surrey & Sussex",RTK,Ashford and St Peter's Hospitals NHS Foundation Trust,62 ,4 ,4 ,19 ,18 ,1 ,1 ,10 ,0 ,1 ,4 ,0 
,Y59,South East,NHS Surrey Heartlands ICB,"Frimley, Surrey & Sussex",RA2,Royal Surrey County Hospital NHS Foundation Trust,49 ,2 ,4 ,14 ,14 ,2 ,1 ,9 ,0 ,0 ,3 ,0 
,Y59,South East,NHS Surrey Heartlands ICB,"Frimley, Surrey & Sussex",RTP,Surrey and Sussex Healthcare NHS Trust,58 ,3 ,3 ,21 ,16 ,2 ,1 ,8 ,2 ,1 ,1 ,0 
,Y59,South East,NHS Sussex ICB,"Frimley, Surrey & Sussex",RXC,East Sussex Healthcare NHS Trust,74 ,5 ,5 ,27 ,16 ,7 ,2 ,7 ,2 ,0 ,2 ,1 
,Y59,South East,NHS Sussex ICB,"Frimley, Surrey & Sussex",RPC,Queen Victoria Hospital NHS Foundation Trust,21 ,1 ,1 ,7 ,3 ,0 ,1 ,3 ,0 ,0 ,5 ,0 
,Y59,South East,NHS Sussex ICB,"Frimley, Surrey & Sussex",RYR,University Hospitals Sussex NHS Foundation Trust,168 ,12 ,15 ,48 ,41 ,0 ,5 ,31 ,6 ,0 ,7 ,3 
,Y59,South East,NHS Kent and Medway ICB,Kent & Medway,RN7,Dartford and Gravesham NHS Trust,59 ,3 ,5 ,20 ,17 ,1 ,2 ,7 ,1 ,1 ,1 ,1 
,Y59,South East,NHS Kent and Medway ICB,Kent & Medway,RVV,East Kent Hospitals University NHS Foundation Trust,121 ,7 ,7 ,31 ,31 ,5 ,3 ,24 ,3 ,2 ,5 ,3 
,Y59,South East,NHS Kent and Medway ICB,Kent & Medway,RWF,Maidstone and Tunbridge Wells NHS Trust,79 ,4 ,9 ,21 ,21 ,4 ,3 ,11 ,2 ,1 ,1 ,2 
,Y59,South East,NHS Kent and Medway ICB,Kent & Medway,RPA,Medway NHS Foundation Trust,51 ,4 ,2 ,7 ,15 ,7 ,1 ,8 ,3 ,1 ,3 ,0 
,Y59,South East,"NHS Buckinghamshire, Oxfordshire and Berkshire West ICB",Thames Valley,RXQ,Buckinghamshire Healthcare NHS Trust,86 ,5 ,4 ,42 ,23 ,0 ,1 ,7 ,1 ,1 ,2 ,0 
,Y59,South East,"NHS Buckinghamshire, Oxfordshire and Berkshire West ICB",Thames Valley,RTH,Oxford University Hospitals NHS Foundation Trust,154 ,9 ,9 ,45 ,48 ,8 ,5 ,19 ,5 ,1 ,5 ,0 
,Y59,South East,"NHS Buckinghamshire, Oxfordshire and Berkshire West ICB",Thames Valley,RHW,Royal Berkshire NHS Foundation Trust,71 ,3 ,5 ,23 ,28 ,2 ,2 ,7 ,0 ,0 ,1 ,0 
,Y59,South East,NHS Hampshire and Isle of Wight ICB,Wessex,RN5,Hampshire Hospitals NHS Foundation Trust,65 ,4 ,6 ,14 ,23 ,3 ,2 ,8 ,1 ,1 ,1 ,2 
,Y59,South East,NHS Hampshire and Isle of Wight ICB,Wessex,R1F,Isle of Wight NHS Trust,29 ,2 ,3 ,8 ,10 ,2 ,0 ,3 ,0 ,0 ,1 ,0 
,Y59,South East,NHS Hampshire and Isle of Wight ICB,Wessex,RHU,Portsmouth Hospitals University National Health Service Trust,89 ,6 ,7 ,29 ,28 ,5 ,2 ,8 ,4 ,0 ,0 ,0 
,Y59,South East,NHS Hampshire and Isle of Wight ICB,Wessex,RHM,University Hospital Southampton NHS Foundation Trust,99 ,6 ,7 ,18 ,30 ,0 ,5 ,20 ,3 ,3 ,3 ,4 
,Y59,South East,NHS Hampshire and Isle of Wight ICB,,RW1,Southern Health NHS Foundation Trust,15 ,1 ,1 ,4 ,5 ,0 ,0 ,2 ,0 ,1 ,1 ,0 
,Y60,Midlands,NHS Derby and Derbyshire ICB,Emrad,RFS,Chesterfield Royal Hospital NHS Foundation Trust,44 ,2 ,3 ,13 ,16 ,3 ,1 ,3 ,1 ,1 ,0 ,1 
,Y60,Midlands,NHS Derby and Derbyshire ICB,Emrad,RTG,University Hospitals of Derby and Burton NHS Foundation Trust,170 ,11 ,12 ,54 ,41 ,10 ,6 ,26 ,4 ,2 ,4 ,0 
,Y60,Midlands,"NHS Leicester, Leicestershire and Rutland ICB",Emrad,RWE,University Hospitals of Leicester NHS Trust,219 ,10 ,12 ,95 ,48 ,10 ,2 ,23 ,6 ,0 ,8 ,5 
,Y60,Midlands,NHS Lincolnshire ICB,Emrad,RWD,United Lincolnshire Hospitals NHS Trust,119 ,10 ,7 ,32 ,30 ,9 ,2 ,16 ,3 ,3 ,5 ,2 
,Y60,Midlands,NHS Northamptonshire ICB,Emrad,RNQ,Kettering General Hospital NHS Foundation Trust,47 ,3 ,3 ,11 ,15 ,4 ,2 ,4 ,1 ,0 ,1 ,3 
,Y60,Midlands,NHS Northamptonshire ICB,Emrad,RNS,Northampton General Hospital NHS Trust,53 ,4 ,4 ,17 ,13 ,2 ,1 ,6 ,3 ,1 ,2 ,0 
,Y60,Midlands,NHS Nottingham and Nottinghamshire ICB,Emrad,RK5,Sherwood Forest Hospitals NHS Foundation Trust,155 ,4 ,4 ,112 ,19 ,4 ,1 ,8 ,1 ,0 ,0 ,2 
,Y60,Midlands,NHS Nottingham and Nottinghamshire ICB,Emrad,RX1,Nottingham University Hospitals NHS Trust,131 ,12 ,7 ,26 ,42 ,0 ,6 ,26 ,2 ,4 ,6 ,0 
,Y60,Midlands,NHS Birmingham and Solihull ICB,West Midlands,RQ3,Birmingham Women's and Children's NHS Foundation Trust,60 ,3 ,2 ,23 ,14 ,0 ,1 ,11 ,2 ,0 ,2 ,2 
,Y60,Midlands,NHS Birmingham and Solihull ICB,West Midlands,RRJ,The Royal Orthopaedic Hospital NHS Foundation Trust,21 ,2 ,1 ,3 ,15 ,0 ,0 ,0 ,0 ,0 ,0 ,0 
,Y60,Midlands,NHS Birmingham and Solihull ICB,West Midlands,RRK,University Hospitals Birmingham NHS Foundation Trust,162 ,12 ,13 ,38 ,41 ,9 ,8 ,26 ,6 ,4 ,5 ,0 
,Y60,Midlands,NHS Black Country ICB,West Midlands,RXK,Sandwell and West Birmingham Hospitals NHS Trust,104 ,2 ,5 ,50 ,21 ,6 ,2 ,9 ,4 ,0 ,2 ,3 
,Y60,Midlands,NHS Black Country ICB,West Midlands,RNA,The Dudley Group NHS Foundation Trust,92 ,3 ,3 ,51 ,16 ,6 ,2 ,7 ,2 ,0 ,1 ,1 
,Y60,Midlands,NHS Black Country ICB,West Midlands,RL4,The Royal Wolverhampton NHS Trust,57 ,5 ,6 ,12 ,22 ,2 ,2 ,4 ,1 ,0 ,3 ,0 
,Y60,Midlands,NHS Black Country ICB,West Midlands,RBK,Walsall Healthcare NHS Trust,43 ,2 ,5 ,15 ,13 ,0 ,0 ,5 ,1 ,0 ,2 ,0 
,Y60,Midlands,NHS Coventry and Warwickshire ICB,West Midlands,RLT,George Eliot Hospital NHS Trust,29 ,2 ,2 ,8 ,8 ,0 ,1 ,5 ,0 ,1 ,2 ,0 
,Y60,Midlands,NHS Coventry and Warwickshire ICB,West Midlands,RJC,South Warwickshire NHS Foundation Trust,39 ,2 ,2 ,12 ,10 ,2 ,0 ,4 ,0 ,2 ,4 ,1 
,Y60,Midlands,NHS Coventry and Warwickshire ICB,West Midlands,RKB,University Hospitals Coventry and Warwickshire NHS Trust,94 ,4 ,5 ,28 ,24 ,6 ,2 ,17 ,4 ,1 ,3 ,0 
,Y60,Midlands,NHS Herefordshire and Worcestershire ICB,West Midlands,RWP,Worcestershire Acute Hospitals NHS Trust,80 ,3 ,7 ,21 ,27 ,0 ,4 ,8 ,1 ,1 ,6 ,2 
,Y60,Midlands,NHS Herefordshire and Worcestershire ICB,West Midlands,RLQ,Wye Valley NHS Trust,43 ,3 ,3 ,20 ,8 ,1 ,0 ,5 ,1 ,1 ,1 ,0 
,Y60,Midlands,"NHS Shropshire, Telford and Wrekin ICB",West Midlands,RL1,The Robert Jones and Agnes Hunt Orthopaedic Hospital NHS Foundation Trust,25 ,2 ,1 ,3 ,8 ,0 ,0 ,11 ,0 ,0 ,0 ,0 
,Y60,Midlands,"NHS Shropshire, Telford and Wrekin ICB",West Midlands,RXW,The Shrewsbury And Telford Hospital NHS Trust,57 ,5 ,6 ,15 ,15 ,3 ,1 ,8 ,3 ,0 ,0 ,1 
,Y60,Midlands,NHS Staffordshire and Stoke-On-Trent ICB,West Midlands,RJE,University Hospitals of North Midlands NHS Trust,132 ,8 ,9 ,51 ,41 ,4 ,3 ,12 ,4 ,0 ,0 ,0 
,Y61,East of England,NHS Cambridgeshire and Peterborough ICB,East of England 1,RGT,Cambridge University Hospitals NHS Foundation Trust,107 ,7 ,8 ,26 ,24 ,4 ,5 ,23 ,4 ,2 ,3 ,1 
,Y61,East of England,NHS Cambridgeshire and Peterborough ICB,East of England 1,RGN,North West Anglia NHS Foundation Trust,80 ,4 ,6 ,17 ,32 ,1 ,1 ,10 ,2 ,2 ,4 ,1 
,Y61,East of England,NHS Cambridgeshire and Peterborough ICB,East of England 1,RGM,Royal Papworth Hospital NHS Foundation Trust,24 ,2 ,2 ,2 ,7 ,0 ,0 ,2 ,1 ,1 ,0 ,7 
,Y61,East of England,NHS Norfolk and Waveney ICB,East of England 1,RGP,James Paget University Hospitals NHS Foundation Trust,37 ,2 ,2 ,10 ,9 ,4 ,0 ,7 ,0 ,1 ,2 ,0 
,Y61,East of England,NHS Norfolk and Waveney ICB,East of England 1,RM1,Norfolk and Norwich University Hospitals NHS Foundation Trust,85 ,6 ,6 ,27 ,17 ,3 ,4 ,13 ,4 ,2 ,3 ,0 
,Y61,East of England,NHS Norfolk and Waveney ICB,East of England 1,RCX,"The Queen Elizabeth Hospital, King's Lynn, NHS Foundation Trust",37 ,2 ,2 ,11 ,10 ,1 ,1 ,5 ,1 ,1 ,3 ,0 
,Y61,East of England,NHS Suffolk and North East Essex ICB,East of England 1,RDE,East Suffolk and North Essex NHS Foundation Trust,90 ,4 ,6 ,23 ,36 ,0 ,4 ,15 ,0 ,0 ,2 ,0 
,Y61,East of England,NHS Suffolk and North East Essex ICB,East of England 1,RGR,West Suffolk NHS Foundation Trust,46 ,2 ,3 ,17 ,13 ,3 ,1 ,5 ,1 ,0 ,1 ,0 
,Y61,East of England,"NHS Bedfordshire, Luton and Milton Keynes ICB",East of England 2,RC9,Bedfordshire Hospitals NHS Foundation Trust,101 ,7 ,9 ,33 ,23 ,3 ,1 ,13 ,3 ,2 ,5 ,2 
,Y61,East of England,NHS Hertfordshire and West Essex ICB,East of England 2,RWH,East and North Hertfordshire NHS Trust,68 ,3 ,5 ,26 ,13 ,3 ,1 ,10 ,1 ,2 ,4 ,0 
,Y61,East of England,NHS Hertfordshire and West Essex ICB,East of England 2,RQW,The Princess Alexandra Hospital NHS Trust,52 ,2 ,5 ,16 ,16 ,3 ,1 ,5 ,1 ,0 ,3 ,0 
,Y61,East of England,NHS Hertfordshire and West Essex ICB,East of England 2,RWG,West Hertfordshire Teaching Hospitals NHS Trust,86 ,4 ,7 ,34 ,23 ,3 ,0 ,11 ,1 ,0 ,3 ,0 
,Y61,East of England,NHS Mid and South Essex ICB,East of England 2,RAJ,Mid and South Essex NHS Foundation Trust,169 ,11 ,11 ,45 ,52 ,10 ,6 ,17 ,6 ,1 ,4 ,6 
,Y61,East of England,"NHS Bedfordshire, Luton and Milton Keynes ICB",Thames Valley,RD8,Milton Keynes University Hospital NHS Foundation Trust,69 ,3 ,4 ,28 ,20 ,1 ,1 ,6 ,0 ,0 ,5 ,1 
,Y62,North West,NHS Cheshire and Merseyside ICB,Cheshire And Merseyside,RBS,Alder Hey Children's NHS Foundation Trust,35 ,2 ,2 ,6 ,11 ,0 ,2 ,6 ,1 ,0 ,4 ,1 
,Y62,North West,NHS Cheshire and Merseyside ICB,Cheshire And Merseyside,RJR,Countess of Chester Hospital NHS Foundation Trust,47 ,3 ,4 ,18 ,10 ,3 ,1 ,7 ,0 ,0 ,1 ,0 
,Y62,North West,NHS Cheshire and Merseyside ICB,Cheshire And Merseyside,RBQ,Liverpool Heart and Chest Hospital NHS Foundation Trust,19 ,1 ,4 ,1 ,5 ,0 ,1 ,2 ,0 ,0 ,0 ,5 
,Y62,North West,NHS Cheshire and Merseyside ICB,Cheshire And Merseyside,REM,Liverpool University Hospitals NHS Foundation Trust,141 ,8 ,9 ,25 ,39 ,13 ,6 ,14 ,5 ,2 ,20 ,0 
,Y62,North West,NHS Cheshire and Merseyside ICB,Cheshire And Merseyside,REP,Liverpool Women's NHS Foundation Trust,60 ,1 ,1 ,53 ,3 ,0 ,0 ,1 ,0 ,1 ,0 ,0 
,Y62,North West,NHS Cheshire and Merseyside ICB,Cheshire And Merseyside,RBN,MERSEY AND WEST LANCASHIRE TEACHING HOSPITALS NHS TRUST,68 ,3 ,6 ,19 ,21 ,2 ,1 ,9 ,1 ,1 ,4 ,1 
,Y62,North West,NHS Cheshire and Merseyside ICB,Cheshire And Merseyside,RBT,Mid Cheshire Hospitals NHS Foundation Trust,53 ,3 ,5 ,16 ,13 ,4 ,1 ,8 ,0 ,1 ,2 ,0 
,Y62,North West,NHS Cheshire and Merseyside ICB,Cheshire And Merseyside,RVY,Southport and Ormskirk Hospital NHS Trust,40 ,2 ,3 ,11 ,12 ,0 ,1 ,7 ,0 ,1 ,3 ,0 
,Y62,North West,NHS Cheshire and Merseyside ICB,Cheshire And Merseyside,REN,The Clatterbridge Cancer Centre NHS Foundation Trust,21 ,4 ,3 ,5 ,3 ,0 ,1 ,2 ,3 ,0 ,0 ,0 
,Y62,North West,NHS Cheshire and Merseyside ICB,Cheshire And Merseyside,RET,The Walton Centre NHS Foundation Trust,20 ,5 ,2 ,1 ,4 ,0 ,2 ,6 ,0 ,0 ,0 ,0 
,Y62,North West,NHS Cheshire and Merseyside ICB,Cheshire And Merseyside,RWW,Warrington And Halton Teaching Hospitals NHS Foundation Trust,60 ,4 ,4 ,24 ,12 ,0 ,0 ,9 ,1 ,1 ,4 ,1 
,Y62,North West,NHS Cheshire and Merseyside ICB,Cheshire And Merseyside,RBL,Wirral University Teaching Hospital NHS Foundation Trust,52 ,1 ,3 ,16 ,19 ,0 ,1 ,8 ,0 ,1 ,2 ,1 
,Y62,North West,NHS Cheshire and Merseyside ICB,Greater Manchester,RJN,East Cheshire NHS Trust,32 ,2 ,2 ,12 ,8 ,3 ,0 ,4 ,0 ,0 ,1 ,0 
,Y62,North West,NHS Greater Manchester ICB,Greater Manchester,RMC,Bolton NHS Foundation Trust,61 ,2 ,4 ,24 ,14 ,6 ,1 ,7 ,1 ,0 ,2 ,0 
,Y62,North West,NHS Greater Manchester ICB,Greater Manchester,R0A,Manchester University NHS Foundation Trust,230 ,8 ,11 ,59 ,63 ,15 ,7 ,39 ,9 ,4 ,15 ,0 
,Y62,North West,NHS Greater Manchester ICB,Greater Manchester,RM3,Northern Care Alliance NHS Foundation Trust,153 ,14 ,13 ,39 ,42 ,0 ,4 ,31 ,2 ,2 ,6 ,0 
,Y62,North West,NHS Greater Manchester ICB,Greater Manchester,RWJ,Stockport NHS Foundation Trust,47 ,2 ,5 ,15 ,12 ,0 ,0 ,9 ,1 ,1 ,2 ,0 
,Y62,North West,NHS Greater Manchester ICB,Greater Manchester,RMP,Tameside and Glossop Integrated Care NHS Foundation Trust,39 ,2 ,3 ,9 ,15 ,2 ,0 ,6 ,1 ,0 ,1 ,0 
,Y62,North West,NHS Greater Manchester ICB,Greater Manchester,RBV,The Christie NHS Foundation Trust,29 ,4 ,3 ,6 ,8 ,0 ,2 ,1 ,4 ,1 ,0 ,0 
,Y62,North West,NHS Greater Manchester ICB,Greater Manchester,RRF,"Wrightington, Wigan and Leigh NHS Foundation Trust",78 ,4 ,4 ,21 ,26 ,4 ,1 ,14 ,1 ,1 ,2 ,0 
,Y62,North West,NHS Lancashire and South Cumbria ICB,Lancashire And South Cumbria,RXL,Blackpool Teaching Hospitals NHS Foundation Trust,66 ,4 ,6 ,14 ,26 ,3 ,2 ,5 ,2 ,1 ,3 ,0 
,Y62,North West,NHS Lancashire and South Cumbria ICB,Lancashire And South Cumbria,RXR,East Lancashire Hospitals NHS Trust,82 ,5 ,5 ,25 ,21 ,4 ,1 ,14 ,2 ,1 ,4 ,0 
,Y62,North West,NHS Lancashire and South Cumbria ICB,Lancashire And South Cumbria,RXN,Lancashire Teaching Hospitals NHS Foundation Trust,103 ,7 ,6 ,33 ,22 ,3 ,6 ,18 ,3 ,1 ,4 ,0 
,Y62,North West,NHS Lancashire and South Cumbria ICB,Lancashire And South Cumbria,RTX,University Hospitals of Morecambe Bay NHS Foundation Trust,80 ,2 ,5 ,23 ,21 ,6 ,0 ,10 ,2 ,1 ,9 ,1 
,Y63,North East and Yorkshire,NHS Humber and North Yorkshire ICB,Humber & North Yorkshire,RWA,Hull University Teaching Hospitals NHS Trust,126 ,6 ,7 ,35 ,42 ,8 ,7 ,16 ,4 ,0 ,1 ,0 
,Y63,North East and Yorkshire,NHS Humber and North Yorkshire ICB,Humber & North Yorkshire,RJL,Northern Lincolnshire and Goole NHS Foundation Trust,66 ,3 ,6 ,20 ,19 ,2 ,0 ,9 ,2 ,1 ,2 ,2 
,Y63,North East and Yorkshire,NHS Humber and North Yorkshire ICB,Humber & North Yorkshire,RCB,York And Scarborough Teaching Hospitals NHS Foundation Trust,88 ,3 ,5 ,30 ,24 ,8 ,3 ,9 ,1 ,1 ,4 ,0 
,Y63,North East and Yorkshire,NHS North East and North Cumbria ICB,North East And North Cumbria,RXP,County Durham and Darlington NHS Foundation Trust,95 ,3 ,5 ,30 ,18 ,2 ,0 ,11 ,19 ,2 ,4 ,1 
,Y63,North East and Yorkshire,NHS North East and North Cumbria ICB,North East And North Cumbria,RR7,Gateshead Health NHS Foundation Trust,36 ,2 ,4 ,11 ,11 ,0 ,1 ,4 ,0 ,1 ,1 ,1 
,Y63,North East and Yorkshire,NHS North East and North Cumbria ICB,North East And North Cumbria,RNN,North Cumbria Integrated Care NHS Foundation Trust,63 ,4 ,4 ,16 ,15 ,6 ,1 ,8 ,3 ,1 ,5 ,0 
,Y63,North East and Yorkshire,NHS North East and North Cumbria ICB,North East And North Cumbria,RVW,North Tees and Hartlepool NHS Foundation Trust,46 ,2 ,5 ,15 ,14 ,0 ,0 ,7 ,1 ,1 ,1 ,0 
,Y63,North East and Yorkshire,NHS North East and North Cumbria ICB,North East And North Cumbria,RTF,Northumbria Healthcare NHS Foundation Trust,92 ,4 ,7 ,23 ,26 ,7 ,0 ,17 ,0 ,2 ,5 ,1 
,Y63,North East and Yorkshire,NHS North East and North Cumbria ICB,North East And North Cumbria,RTR,South Tees Hospitals NHS Foundation Trust,89 ,6 ,7 ,21 ,21 ,1 ,3 ,19 ,3 ,1 ,7 ,0 
,Y63,North East and Yorkshire,NHS North East and North Cumbria ICB,North East And North Cumbria,R0B,South Tyneside and Sunderland NHS Foundation Trust,60 ,3 ,5 ,10 ,19 ,0 ,3 ,11 ,3 ,2 ,2 ,2 
,Y63,North East and Yorkshire,NHS North East and North Cumbria ICB,North East And North Cumbria,RTD,The Newcastle Upon Tyne Hospitals NHS Foundation Trust,127 ,11 ,11 ,27 ,29 ,3 ,6 ,24 ,5 ,3 ,2 ,6 
,Y63,North East and Yorkshire,NHS South Yorkshire ICB,South Yorkshire & Bassetlaw,RFF,Barnsley Hospital NHS Foundation Trust,42 ,2 ,2 ,16 ,8 ,3 ,0 ,5 ,1 ,1 ,3 ,1 
,Y63,North East and Yorkshire,NHS South Yorkshire ICB,South Yorkshire & Bassetlaw,RP5,Doncaster and Bassetlaw Teaching Hospitals NHS Foundation Trust,88 ,4 ,5 ,33 ,20 ,4 ,1 ,15 ,1 ,2 ,2 ,1 
,Y63,North East and Yorkshire,NHS South Yorkshire ICB,South Yorkshire & Bassetlaw,RCU,Sheffield Children's NHS Foundation Trust,20 ,2 ,1 ,4 ,6 ,0 ,0 ,3 ,1 ,1 ,2 ,0 
,Y63,North East and Yorkshire,NHS South Yorkshire ICB,South Yorkshire & Bassetlaw,RHQ,Sheffield Teaching Hospitals NHS Foundation Trust,123 ,7 ,5 ,33 ,39 ,7 ,4 ,15 ,3 ,0 ,5 ,5 
,Y63,North East and Yorkshire,NHS South Yorkshire ICB,South Yorkshire & Bassetlaw,RFR,The Rotherham NHS Foundation Trust,45 ,2 ,3 ,20 ,7 ,3 ,0 ,4 ,2 ,1 ,3 ,0 
,Y63,North East and Yorkshire,NHS Humber and North Yorkshire ICB,Yorkshire Imaging Collaborative,RCD,Harrogate and District NHS Foundation Trust,46 ,2 ,1 ,20 ,11 ,1 ,1 ,5 ,1 ,2 ,1 ,1 
,Y63,North East and Yorkshire,NHS West Yorkshire ICB,Yorkshire Imaging Collaborative,RCF,Airedale NHS Foundation Trust,32 ,1 ,2 ,10 ,9 ,1 ,0 ,6 ,0 ,1 ,2 ,0 
,Y63,North East and Yorkshire,NHS West Yorkshire ICB,Yorkshire Imaging Collaborative,RAE,Bradford Teaching Hospitals NHS Foundation Trust,84 ,4 ,5 ,30 ,20 ,10 ,2 ,9 ,2 ,1 ,0 ,1 
,Y63,North East and Yorkshire,NHS West Yorkshire ICB,Yorkshire Imaging Collaborative,RWY,Calderdale and Huddersfield NHS Foundation Trust,69 ,4 ,3 ,26 ,19 ,2 ,2 ,9 ,1 ,1 ,2 ,0 
,Y63,North East and Yorkshire,NHS West Yorkshire ICB,Yorkshire Imaging Collaborative,RR8,Leeds Teaching Hospitals NHS Trust,169 ,10 ,9 ,61 ,44 ,4 ,6 ,26 ,6 ,2 ,1 ,0 
,Y63,North East and Yorkshire,NHS West Yorkshire ICB,Yorkshire Imaging Collaborative,RXF,Mid Yorkshire Hospitals NHS Trust,111 ,7 ,9 ,35 ,43 ,3 ,0 ,8 ,0 ,2 ,4 ,0 
,,,,,,,,,,,,,,,,,,
,"*Six NHS trusts reported 197 fewer ultrasound and 31 mammography machines in 2023/24, most likely as a correction to their previous year's submission. The reduction is due to discrepancies in last year's data, likely caused by over-reporting of imaging-based ultrasound assets and accessory equipment for mammography. It may also reflect the removal or replacement of older equipment, or the implementation of more accurate reporting processes this year. As a result, comparing the 2023/24 data to previous years may give the impression that the number of ultrasound and mammography machines has decreased, when in fact it has increased or remained unchanged.",,,,,,,,,,,,,,,,,
,,,,,,,,,,,,,,,,,,
,,,,,,,,,,,,,,,,,,
,,,,,,,,,,,,,,,,,,
